CREATE DATABASE Archeage;
USE Archeage;
create table recipe_materials (quantity integer not null, item_id bigint not null, recipe_id bigint not null, primary key (item_id, recipe_id)) engine=InnoDB;
create table item_prices (copper integer not null, gold integer not null, silver integer not null, id bigint not null, item_id bigint not null, archeage_server_id bigint not null, timestamp datetime(6), primary key (id)) engine=InnoDB;
create table item_prices_seq (next_val bigint) engine=InnoDB;
insert into item_prices_seq values ( 1 );
create table items (id bigint not null, description TEXT, name varchar(255), region enum ('CIS','EUROPE'), primary key (id)) engine=InnoDB;
create table items_sequence_generator (next_val bigint) engine=InnoDB;
insert into items_sequence_generator values ( 1 );
create table locations (has_factory bit not null, id bigint not null, continent enum ('EAST','NORTH','WEST'), name varchar(255), region enum ('CIS','EUROPE'), primary key (id)) engine=InnoDB;
create table locations_sequence_generator (next_val bigint) engine=InnoDB;
insert into locations_sequence_generator values ( 1 );
create table pack_price (id bigint not null, sell_location_id bigint not null, primary key (id)) engine=InnoDB;
create table packs (creation_location_id bigint not null, id bigint not null, primary key (id)) engine=InnoDB;
create table recipes (produced_quantity integer not null, craftable_id bigint, id bigint not null, primary key (id)) engine=InnoDB;
create table recipes_sequence_generator (next_val bigint) engine=InnoDB;
insert into recipes_sequence_generator values ( 1 );
create table archeage_server (id bigint not null, name varchar(255), region enum ('CIS','EUROPE'), primary key (id)) engine=InnoDB;
create table archeage_server_seq (next_val bigint) engine=InnoDB;
insert into archeage_server_seq values ( 1 );
create table users (id bigint not null, email varchar(255), password varchar(255), role enum ('ADMIN','USER'), primary key (id)) engine=InnoDB;
create table users_id_sequence_generator (next_val bigint) engine=InnoDB;
insert into users_id_sequence_generator values ( 1 );
alter table items add constraint ITEMS_UNIQUE_NAME_CONSTRAINT unique (name);
alter table recipe_materials add constraint FKl24g8bw11xtarq11hvxm8sxi8 foreign key (item_id) references items (id);
alter table recipe_materials add constraint FKe5wa9q3i5l5o7g9jnmauoqhx0 foreign key (recipe_id) references recipes (id);
alter table item_prices add constraint FKnclijija00rm8bi7jjk95j5x6 foreign key (item_id) references items (id);
alter table item_prices add constraint FKmgn09q8kfyc4oyjocu0caafh8 foreign key (archeage_server_id) references archeage_server (id);
alter table pack_price add constraint FKooskfakl155d36aepnsturonm foreign key (sell_location_id) references locations (id);
alter table pack_price add constraint FKa2lcm5xgp3u9dpxbcxwd04u5f foreign key (id) references item_prices (id);
alter table packs add constraint FK1xi3vivn5vbkpsptcme6e4ovy foreign key (creation_location_id) references locations (id);
alter table packs add constraint FKjml7yq3pqca98ugehgx0ul48k foreign key (id) references items (id);
alter table recipes add constraint FK3j7mnbptd1qayblp29pnqgy5l foreign key (craftable_id) references items (id);


-- MySQL dump 10.13  Distrib 8.0.33, for Linux (x86_64)
--
-- Host: localhost    Database: Archeage
-- ------------------------------------------------------
-- Server version	8.0.33

/*!40101 SET @OLD_CHARACTER_SET_CLIENT=@@CHARACTER_SET_CLIENT */;
/*!40101 SET @OLD_CHARACTER_SET_RESULTS=@@CHARACTER_SET_RESULTS */;
/*!40101 SET @OLD_COLLATION_CONNECTION=@@COLLATION_CONNECTION */;
/*!50503 SET NAMES utf8mb4 */;
/*!40103 SET @OLD_TIME_ZONE=@@TIME_ZONE */;
/*!40103 SET TIME_ZONE='+00:00' */;
/*!40014 SET @OLD_UNIQUE_CHECKS=@@UNIQUE_CHECKS, UNIQUE_CHECKS=0 */;
/*!40014 SET @OLD_FOREIGN_KEY_CHECKS=@@FOREIGN_KEY_CHECKS, FOREIGN_KEY_CHECKS=0 */;
/*!40101 SET @OLD_SQL_MODE=@@SQL_MODE, SQL_MODE='NO_AUTO_VALUE_ON_ZERO' */;
/*!40111 SET @OLD_SQL_NOTES=@@SQL_NOTES, SQL_NOTES=0 */;

--
-- Dumping data for table `recipe_materials`
--

LOCK TABLES `recipe_materials` WRITE;
/*!40000 ALTER TABLE `recipe_materials` DISABLE KEYS */;
INSERT INTO `recipe_materials` VALUES (300,16,1),(60,16,2),(180,16,20),(180,16,23),(300,16,30),(50,16,31),(300,16,39),(40,16,40),(150,16,59),(10,17,1),(40,17,2),(2,18,1),(2,18,3),(2,18,5),(2,18,8),(2,18,12),(2,18,15),(2,18,18),(2,18,21),(2,18,24),(2,18,27),(2,18,30),(2,18,33),(2,18,36),(2,18,39),(300,19,3),(50,19,4),(180,19,10),(300,19,21),(55,19,22),(200,19,26),(50,19,42),(50,19,43),(50,19,44),(50,19,45),(50,19,46),(50,19,47),(50,19,48),(50,19,49),(50,19,50),(50,19,51),(50,19,52),(50,19,53),(50,19,54),(50,19,55),(150,19,61),(160,19,65),(5,20,3),(15,20,4),(300,21,5),(60,21,6),(300,21,12),(80,21,13),(180,21,14),(200,21,29),(300,21,33),(50,21,34),(300,21,36),(40,21,37),(200,21,41),(150,21,62),(5,22,7),(5,22,26),(5,22,39),(20,22,40),(1,23,5),(40,23,6),(180,24,7),(300,24,8),(70,24,9),(50,24,42),(50,24,43),(50,24,44),(50,24,45),(50,24,46),(50,24,47),(50,24,48),(50,24,49),(50,24,50),(50,24,51),(50,24,52),(50,24,53),(50,24,54),(50,24,55),(150,24,56),(150,24,60),(150,24,63),(150,24,68),(5,25,8),(30,25,9),(5,25,18),(15,25,19),(5,25,24),(15,25,25),(5,26,10),(180,27,11),(300,27,18),(20,27,19),(300,27,24),(20,27,25),(200,27,32),(180,27,38),(160,27,67),(5,28,11),(10,29,12),(25,29,13),(2,30,14),(180,31,15),(300,31,16),(70,31,17),(50,31,42),(50,31,43),(50,31,44),(50,31,45),(50,31,46),(50,31,47),(50,31,48),(50,31,49),(50,31,50),(50,31,51),(50,31,52),(50,31,53),(50,31,54),(50,31,55),(150,31,57),(160,31,64),(160,31,69),(10,32,15),(2,33,16),(40,33,17),(3,34,20),(5,35,21),(10,35,22),(3,36,23),(15,37,32),(5,38,35),(15,39,38),(15,40,41),(5,41,56),(15,42,57),(15,43,58),(15,44,59),(1,45,60),(15,46,61),(15,47,62),(15,48,63),(5,49,64),(5,50,65),(5,51,66),(5,52,67),(6,53,29),(5,53,68),(5,54,69),(1,55,70),(2,55,71),(1,56,72),(1,56,73),(1,56,74),(1,56,75),(1,56,76),(1,57,72),(1,57,73),(1,57,74),(1,57,75),(1,57,76),(1,58,72),(1,58,73),(1,58,74),(1,58,75),(1,58,76),(100,59,78),(100,60,79),(50,61,80),(100,62,77),(100,62,81),(10,63,33),(40,63,34),(5,64,30),(40,64,31),(3,65,27),(7,65,28),(300,66,27),(15,66,28),(200,66,35),(50,66,42),(50,66,43),(50,66,44),(50,66,45),(50,66,46),(50,66,47),(50,66,48),(50,66,49),(50,66,50),(50,66,51),(50,66,52),(50,66,53),(50,66,54),(50,66,55),(150,66,58),(160,66,66),(5,67,36),(20,67,37),(2,68,77),(1,69,72),(1,69,73),(1,69,74),(1,69,75),(1,69,76),(1,70,78),(1,71,79),(1,72,80),(1,73,81),(3,74,2),(3,74,4),(3,74,6),(3,74,9),(3,74,13),(3,74,17),(3,74,19),(3,74,22),(3,74,25),(3,74,28),(3,74,31),(3,74,34),(3,74,37),(3,74,40);
/*!40000 ALTER TABLE `recipe_materials` ENABLE KEYS */;
UNLOCK TABLES;

--
-- Dumping data for table `item_prices`
--

LOCK TABLES `item_prices` WRITE;
/*!40000 ALTER TABLE `item_prices` DISABLE KEYS */;
INSERT INTO `item_prices` VALUES (11,0,3,1,17,11,'2023-10-25 15:59:00.935480'),(5,0,3,2,16,11,'2023-10-25 15:59:00.951422'),(35,0,3,3,19,11,'2023-10-25 15:59:00.965676'),(84,0,11,4,20,11,'2023-10-25 15:59:00.973871'),(18,0,3,5,21,11,'2023-10-25 15:59:00.981566'),(57,0,4,6,23,11,'2023-10-25 15:59:00.989686'),(16,0,3,7,24,11,'2023-10-25 15:59:00.997097'),(12,0,10,8,25,11,'2023-10-25 15:59:01.004574'),(95,0,3,9,26,11,'2023-10-25 15:59:01.010781'),(16,0,3,10,27,11,'2023-10-25 15:59:01.018080'),(48,0,8,11,28,11,'2023-10-25 15:59:01.024319'),(73,0,11,12,29,11,'2023-10-25 15:59:01.031569'),(27,0,14,13,30,11,'2023-10-25 15:59:01.038115'),(21,0,3,14,31,11,'2023-10-25 15:59:01.051274'),(20,0,5,15,32,11,'2023-10-25 15:59:01.061347'),(23,0,53,16,33,11,'2023-10-25 15:59:01.069320'),(12,0,53,17,34,11,'2023-10-25 15:59:01.077415'),(91,0,62,18,35,11,'2023-10-25 15:59:01.085408'),(56,0,16,19,36,11,'2023-10-25 15:59:01.093779'),(85,0,2,20,37,11,'2023-10-25 15:59:01.101943'),(2,0,4,21,38,11,'2023-10-25 15:59:01.109943'),(2,0,3,22,39,11,'2023-10-25 15:59:01.118090'),(85,0,3,23,40,11,'2023-10-25 15:59:01.125792'),(33,0,8,24,41,11,'2023-10-25 15:59:01.132486'),(99,0,4,25,42,11,'2023-10-25 15:59:01.139792'),(1,0,4,26,43,11,'2023-10-25 15:59:01.148822'),(78,0,3,27,44,11,'2023-10-25 15:59:01.156210'),(37,0,29,28,45,11,'2023-10-25 15:59:01.162729'),(57,0,2,29,46,11,'2023-10-25 15:59:01.170389'),(25,0,5,30,47,11,'2023-10-25 15:59:01.179102'),(36,0,4,31,48,11,'2023-10-25 15:59:01.186660'),(9,0,2,32,49,11,'2023-10-25 15:59:01.193191'),(2,0,10,33,50,11,'2023-10-25 15:59:01.200514'),(73,0,33,34,51,11,'2023-10-25 15:59:01.207904'),(50,0,15,35,52,11,'2023-10-25 15:59:01.216649'),(18,0,20,36,53,11,'2023-10-25 15:59:01.223925'),(52,0,12,37,54,11,'2023-10-25 15:59:01.230425'),(0,1,0,38,55,11,'2023-10-25 15:59:01.238024'),(72,16,45,39,56,11,'2023-10-25 15:59:01.246979'),(46,16,65,40,57,11,'2023-10-25 15:59:01.254355'),(54,16,56,41,58,11,'2023-10-25 15:59:01.260710'),(77,0,37,42,59,11,'2023-10-25 15:59:01.267720'),(29,0,26,43,60,11,'2023-10-25 15:59:01.276660'),(9,0,22,44,61,11,'2023-10-25 15:59:01.284017'),(28,0,56,45,62,11,'2023-10-25 15:59:01.290759'),(90,0,10,46,22,11,'2023-10-25 15:59:01.297848'),(53,0,17,47,67,11,'2023-10-25 15:59:01.304747'),(10,0,6,48,63,11,'2023-10-25 15:59:01.311574'),(24,0,15,49,64,11,'2023-10-25 15:59:01.318848'),(92,0,59,50,65,11,'2023-10-25 15:59:01.325286'),(32,0,3,51,66,11,'2023-10-25 15:59:01.332525'),(13,25,31,52,75,11,'2023-10-25 15:59:01.340023'),(79,25,30,53,75,11,'2023-10-25 15:59:01.355597'),(22,29,14,54,75,11,'2023-10-25 15:59:01.365551'),(77,22,32,55,76,11,'2023-10-25 15:59:01.375053'),(44,22,32,56,76,11,'2023-10-25 15:59:01.382806'),(53,25,82,57,76,11,'2023-10-25 15:59:01.393290'),(78,23,73,58,77,11,'2023-10-25 15:59:01.403163'),(22,22,35,59,77,11,'2023-10-25 15:59:01.413059'),(31,25,85,60,77,11,'2023-10-25 15:59:01.422788'),(97,11,28,61,78,11,'2023-10-25 15:59:01.432602'),(0,9,26,62,78,11,'2023-10-25 15:59:01.443043'),(91,12,2,63,78,11,'2023-10-25 15:59:01.453230'),(37,23,2,64,79,11,'2023-10-25 15:59:01.462434'),(7,23,2,65,79,11,'2023-10-25 15:59:01.470039'),(17,26,52,66,79,11,'2023-10-25 15:59:01.482817'),(23,10,26,67,80,11,'2023-10-25 15:59:01.492411'),(2,10,26,68,80,11,'2023-10-25 15:59:01.502230'),(54,12,29,69,80,11,'2023-10-25 15:59:01.511930'),(29,9,24,70,81,11,'2023-10-25 15:59:01.521555'),(8,9,24,71,81,11,'2023-10-25 15:59:01.530788'),(95,12,1,72,81,11,'2023-10-25 15:59:01.539065'),(55,20,39,73,82,11,'2023-10-25 15:59:01.546991'),(1,23,49,74,82,11,'2023-10-25 15:59:01.556113'),(63,9,9,75,83,11,'2023-10-25 15:59:01.564033'),(66,10,88,76,83,11,'2023-10-25 15:59:01.571719'),(31,20,39,77,85,11,'2023-10-25 15:59:01.581035'),(37,22,20,78,85,11,'2023-10-25 15:59:01.588160'),(63,9,9,79,84,11,'2023-10-25 15:59:01.595433'),(97,10,37,80,84,11,'2023-10-25 15:59:01.602917'),(40,26,7,81,86,11,'2023-10-25 15:59:01.611910'),(11,24,48,82,86,11,'2023-10-25 15:59:01.619300'),(52,26,66,83,86,11,'2023-10-25 15:59:01.626473'),(15,12,42,84,87,11,'2023-10-25 15:59:01.634109'),(19,10,14,85,87,11,'2023-10-25 15:59:01.651681'),(75,12,52,86,87,11,'2023-10-25 15:59:01.661335'),(33,29,8,87,88,11,'2023-10-25 15:59:01.669012'),(3,27,49,88,88,11,'2023-10-25 15:59:01.678305'),(87,13,47,89,89,11,'2023-10-25 15:59:01.685838'),(10,12,85,90,89,11,'2023-10-25 15:59:01.695104'),(36,29,63,91,90,11,'2023-10-25 15:59:01.703566'),(98,28,0,92,90,11,'2023-10-25 15:59:01.712095'),(63,30,23,93,90,11,'2023-10-25 15:59:01.721957'),(55,13,73,94,91,11,'2023-10-25 15:59:01.731713'),(56,13,9,95,91,11,'2023-10-25 15:59:01.741203'),(39,13,98,96,91,11,'2023-10-25 15:59:01.749141'),(38,28,89,97,92,11,'2023-10-25 15:59:01.757372'),(0,28,89,98,92,11,'2023-10-25 15:59:01.765051'),(82,31,10,99,92,11,'2023-10-25 15:59:01.775055'),(48,13,44,100,93,11,'2023-10-25 15:59:01.782898'),(89,13,43,101,93,11,'2023-10-25 15:59:01.792612'),(46,14,32,102,93,11,'2023-10-25 15:59:01.802454'),(83,31,87,103,94,11,'2023-10-25 15:59:01.817762'),(15,31,88,104,94,11,'2023-10-25 15:59:01.825873'),(28,34,9,105,94,11,'2023-10-25 15:59:01.833878'),(99,14,62,106,95,11,'2023-10-25 15:59:01.841922'),(89,14,62,107,95,11,'2023-10-25 15:59:01.851533'),(42,15,51,108,95,11,'2023-10-25 15:59:01.861597'),(29,34,96,109,96,11,'2023-10-25 15:59:01.869077'),(75,31,89,110,96,11,'2023-10-25 15:59:01.876366'),(42,34,12,111,96,11,'2023-10-25 15:59:01.883573'),(36,15,85,112,97,11,'2023-10-25 15:59:01.891264'),(68,14,63,113,97,11,'2023-10-25 15:59:01.901135'),(48,15,52,114,97,11,'2023-10-25 15:59:01.908802'),(47,26,5,115,98,11,'2023-10-25 15:59:01.916378'),(11,26,5,116,98,11,'2023-10-25 15:59:01.925680'),(56,29,88,117,98,11,'2023-10-25 15:59:01.933345'),(28,12,41,118,99,11,'2023-10-25 15:59:01.942975'),(60,12,40,119,99,11,'2023-10-25 15:59:01.960123'),(44,13,79,120,99,11,'2023-10-25 15:59:01.968538'),(34,30,44,121,100,11,'2023-10-25 15:59:01.976292'),(96,28,81,122,100,11,'2023-10-25 15:59:01.985362'),(66,31,4,123,100,11,'2023-10-25 15:59:01.992952'),(50,14,5,124,101,11,'2023-10-25 15:59:02.001961'),(48,13,41,125,101,11,'2023-10-25 15:59:02.009858'),(32,14,30,126,101,11,'2023-10-25 15:59:02.017679'),(72,12,58,127,102,11,'2023-10-25 15:59:02.027075'),(46,12,58,128,102,11,'2023-10-25 15:59:02.035275'),(54,15,98,129,102,11,'2023-10-25 15:59:02.044577'),(8,12,92,130,103,11,'2023-10-25 15:59:02.052548'),(36,9,95,131,103,11,'2023-10-25 15:59:02.060342'),(49,14,24,132,103,11,'2023-10-25 15:59:02.069760'),(86,11,42,133,104,11,'2023-10-25 15:59:02.079518'),(62,11,42,134,104,11,'2023-10-25 15:59:02.088623'),(4,14,56,135,104,11,'2023-10-25 15:59:02.096923'),(57,9,93,136,105,11,'2023-10-25 15:59:02.104265'),(31,9,93,137,105,11,'2023-10-25 15:59:02.111461'),(38,14,23,138,105,11,'2023-10-25 15:59:02.118714'),(9,10,12,139,106,11,'2023-10-25 15:59:02.125980'),(2,12,89,140,106,11,'2023-10-25 15:59:02.133517'),(9,10,12,141,107,11,'2023-10-25 15:59:02.142729'),(17,12,29,142,107,11,'2023-10-25 15:59:02.150493'),(24,14,22,143,108,11,'2023-10-25 15:59:02.159721'),(17,10,90,144,108,11,'2023-10-25 15:59:02.168004'),(52,14,83,145,108,11,'2023-10-25 15:59:02.175619'),(23,15,96,146,109,11,'2023-10-25 15:59:02.185359'),(84,15,21,147,109,11,'2023-10-25 15:59:02.194380'),(58,16,26,148,110,11,'2023-10-25 15:59:02.201876'),(95,15,50,149,110,11,'2023-10-25 15:59:02.209268'),(87,16,40,150,110,11,'2023-10-25 15:59:02.216944'),(15,15,92,151,111,11,'2023-10-25 15:59:02.225964'),(47,15,91,152,111,11,'2023-10-25 15:59:02.240131'),(19,16,81,153,111,11,'2023-10-25 15:59:02.257910'),(4,17,17,154,112,11,'2023-10-25 15:59:02.270954'),(22,17,17,155,112,11,'2023-10-25 15:59:02.279244'),(96,18,6,156,112,11,'2023-10-25 15:59:02.288134'),(16,18,47,157,113,11,'2023-10-25 15:59:02.295616'),(13,17,18,158,113,11,'2023-10-25 15:59:02.303722'),(23,18,8,159,113,11,'2023-10-25 15:59:02.310814'),(85,14,20,160,114,11,'2023-10-25 15:59:02.318204'),(59,14,20,161,114,11,'2023-10-25 15:59:02.327352'),(58,16,33,162,114,11,'2023-10-25 15:59:02.334804'),(36,16,64,163,115,11,'2023-10-25 15:59:02.344001'),(62,15,88,164,115,11,'2023-10-25 15:59:02.351486'),(69,16,78,165,115,11,'2023-10-25 15:59:02.361053'),(8,11,99,166,116,11,'2023-10-25 15:59:02.370890'),(84,11,98,167,116,11,'2023-10-25 15:59:02.380543'),(88,14,84,168,116,11,'2023-10-25 15:59:02.387999'),(94,12,39,169,117,11,'2023-10-25 15:59:02.396543'),(38,9,18,170,117,11,'2023-10-25 15:59:02.406163'),(21,13,23,171,117,11,'2023-10-25 15:59:02.413538'),(75,10,88,172,118,11,'2023-10-25 15:59:02.420710'),(0,10,89,173,118,11,'2023-10-25 15:59:02.428008'),(51,13,52,174,118,11,'2023-10-25 15:59:02.434970'),(35,9,38,175,119,11,'2023-10-25 15:59:02.442361'),(49,9,38,176,119,11,'2023-10-25 15:59:02.449400'),(15,13,22,177,119,11,'2023-10-25 15:59:02.457216'),(93,9,64,178,120,11,'2023-10-25 15:59:02.466240'),(51,11,97,179,120,11,'2023-10-25 15:59:02.473787'),(93,9,64,180,121,11,'2023-10-25 15:59:02.481067'),(76,11,41,181,121,11,'2023-10-25 15:59:02.488114'),(85,13,63,182,122,11,'2023-10-25 15:59:02.495391'),(60,10,29,183,122,11,'2023-10-25 15:59:02.502468'),(3,13,78,184,122,11,'2023-10-25 15:59:02.517288'),(65,14,82,185,123,11,'2023-10-25 15:59:02.526372'),(63,14,13,186,123,11,'2023-10-25 15:59:02.533707'),(47,15,11,187,124,11,'2023-10-25 15:59:02.541292'),(53,14,40,188,124,11,'2023-10-25 15:59:02.550409'),(23,15,38,189,124,11,'2023-10-25 15:59:02.558030'),(27,14,78,190,125,11,'2023-10-25 15:59:02.567345'),(27,14,78,191,125,11,'2023-10-25 15:59:02.574995'),(69,15,75,192,125,11,'2023-10-25 15:59:02.584110'),(30,16,9,193,126,11,'2023-10-25 15:59:02.591641'),(16,16,9,194,126,11,'2023-10-25 15:59:02.600749'),(57,17,6,195,126,11,'2023-10-25 15:59:02.608380'),(92,17,43,196,127,11,'2023-10-25 15:59:02.618281'),(3,16,10,197,127,11,'2023-10-25 15:59:02.627994'),(73,17,7,198,127,11,'2023-10-25 15:59:02.637565'),(45,13,62,199,128,11,'2023-10-25 15:59:02.645756'),(19,13,62,200,128,11,'2023-10-25 15:59:02.653705'),(39,15,17,201,128,11,'2023-10-25 15:59:02.661386'),(4,15,46,202,129,11,'2023-10-25 15:59:02.668669'),(63,14,75,203,129,11,'2023-10-25 15:59:02.683137'),(37,15,73,204,129,11,'2023-10-25 15:59:02.690112'),(9,12,12,205,130,11,'2023-10-25 15:59:02.699460'),(8,12,14,206,130,11,'2023-10-25 15:59:02.706450'),(13,12,6,207,130,11,'2023-10-25 15:59:02.713817'),(74,10,88,208,131,11,'2023-10-25 15:59:02.723547'),(60,10,83,209,131,11,'2023-10-25 15:59:02.732693'),(96,10,67,210,131,11,'2023-10-25 15:59:02.740407'),(92,61,13,211,132,11,'2023-10-25 15:59:02.749674'),(92,60,89,212,132,11,'2023-10-25 15:59:02.757170'),(65,68,54,213,132,11,'2023-10-25 15:59:02.766322'),(36,64,76,214,133,11,'2023-10-25 15:59:02.777093'),(20,62,56,215,133,11,'2023-10-25 15:59:02.784694'),(2,65,59,216,133,11,'2023-10-25 15:59:02.793309'),(26,64,66,217,134,11,'2023-10-25 15:59:02.800970'),(79,62,53,218,134,11,'2023-10-25 15:59:02.809489'),(56,68,61,219,134,11,'2023-10-25 15:59:02.817173'),(37,70,40,220,135,11,'2023-10-25 15:59:02.835623'),(56,66,32,221,135,11,'2023-10-25 15:59:02.842902'),(17,73,62,222,136,11,'2023-10-25 15:59:02.850379'),(6,73,58,223,136,11,'2023-10-25 15:59:02.860245'),(14,76,96,224,136,11,'2023-10-25 15:59:02.869464'),(65,28,97,225,137,11,'2023-10-25 15:59:02.876833'),(5,26,23,226,137,11,'2023-10-25 15:59:02.884133'),(74,37,62,227,138,11,'2023-10-25 15:59:02.891437'),(25,19,95,228,138,11,'2023-10-25 15:59:02.898872'),(55,19,17,229,138,11,'2023-10-25 15:59:02.905861'),(4,32,16,230,139,11,'2023-10-25 15:59:02.913199'),(9,31,98,231,139,11,'2023-10-25 15:59:02.920262'),(70,40,6,232,139,11,'2023-10-25 15:59:02.927731'),(75,37,69,233,140,11,'2023-10-25 15:59:02.935008'),(24,37,52,234,140,11,'2023-10-25 15:59:02.942860'),(70,36,36,235,140,11,'2023-10-25 15:59:02.951753'),(15,47,72,236,141,11,'2023-10-25 15:59:02.960066'),(35,47,34,237,141,11,'2023-10-25 15:59:02.967556'),(30,46,56,238,141,11,'2023-10-25 15:59:02.974988');
/*!40000 ALTER TABLE `item_prices` ENABLE KEYS */;
UNLOCK TABLES;

--
-- Dumping data for table `item_prices_seq`
--

LOCK TABLES `item_prices_seq` WRITE;
/*!40000 ALTER TABLE `item_prices_seq` DISABLE KEYS */;
INSERT INTO `item_prices_seq` VALUES (301);
/*!40000 ALTER TABLE `item_prices_seq` ENABLE KEYS */;
UNLOCK TABLES;

--
-- Dumping data for table `items`
--

LOCK TABLES `items` WRITE;
/*!40000 ALTER TABLE `items` DISABLE KEYS */;
INSERT INTO `items` VALUES (1,'','ground spices','EUROPE'),(2,'','egg','EUROPE'),(3,'','gilda star','EUROPE'),(4,'','chopped produce','EUROPE'),(5,'','banana','EUROPE'),(6,'','medicinal powder','EUROPE'),(7,'','goose down','EUROPE'),(8,'','milk','EUROPE'),(9,'','grape','EUROPE'),(10,'','fig','EUROPE'),(11,'','wool','EUROPE'),(12,'','cherry','EUROPE'),(13,'','pomegranate','EUROPE'),(14,'','orange','EUROPE'),(15,'','olive','EUROPE'),(16,'','молотые специи','CIS'),(17,'','яйцо','CIS'),(18,'','дельфийская звезда','CIS'),(19,'','нашинкованные овощи','CIS'),(20,'','банан','CIS'),(21,'','лекарственный порошок','CIS'),(22,'','яблоко','CIS'),(23,'','гусиное перо','CIS'),(24,'','измельченные злаки','CIS'),(25,'','молоко','CIS'),(26,'','виноград','CIS'),(27,'','свежевыжатый сок','CIS'),(28,'','инжир','CIS'),(29,'','шерсть ятты','CIS'),(30,'','финик','CIS'),(31,'','измельченные лепестки цветов','CIS'),(32,'','овечья шерсть','CIS'),(33,'','вишня','CIS'),(34,'','гранат','CIS'),(35,'','апельсин','CIS'),(36,'','оливки','CIS'),(37,'','картофель','CIS'),(38,'','лилия','CIS'),(39,'','лаванда','CIS'),(40,'','азалия','CIS'),(41,'','подсолнух','CIS'),(42,'','морковь','CIS'),(43,'','помидор','CIS'),(44,'','огурец','CIS'),(45,'','шафран','CIS'),(46,'','рис','CIS'),(47,'','чеснок','CIS'),(48,'','роза','CIS'),(49,'','просо','CIS'),(50,'','алоэ','CIS'),(51,'','арахис','CIS'),(52,'','василек','CIS'),(53,'','мята','CIS'),(54,'','батат','CIS'),(55,'','ремесленный молоточек','CIS'),(56,'','густое шлифовальное масло','CIS'),(57,'','густой лакировочный состав','CIS'),(58,'','густое пропиточное масло','CIS'),(59,'','сыромятная кожа','CIS'),(60,'','упаковка строительной древесины','CIS'),(61,'','каменный блок','CIS'),(62,'','слиток железа','CIS'),(63,'','утиное перо','CIS'),(64,'','авокадо','CIS'),(65,'','плод моринги','CIS'),(66,'','мясной фарш','CIS'),(67,'','лимон','CIS'),(68,'','клубок лиловых молний','CIS'),(69,'','вексель консорциума синей соли','CIS'),(70,'','шкура снежного великана','CIS'),(71,'','клык огненной кобры','CIS'),(72,'','проклятая душа','CIS'),(73,'','обломок древней секиры','CIS'),(74,'','дельфийская пыль','CIS'),(75,'','маринованые яйца','CIS'),(76,'','банановое повидло','CIS'),(77,'','набивка для тюфяка','CIS'),(78,'','яблочные оладьи','CIS'),(79,'','хрустящие лепешки','CIS'),(80,'','виноградный джем','CIS'),(81,'','ароматная древесина махадеби','CIS'),(82,'','пуховик для лица','CIS'),(83,'','притирания для кожи','CIS'),(84,'','терпкое вишневое вино','CIS'),(85,'','ароматические подушечки','CIS'),(86,'','фруктовое молоко','CIS'),(87,'','смесь специй для вина','CIS'),(88,'','апельсиновый джем','CIS'),(89,'','оливкое масло','CIS'),(90,'','фруктовое печень','CIS'),(91,'','сушеные яблочные дольки','CIS'),(92,'','вяленые припасаы саванны','CIS'),(93,'','мятные леденцы','CIS'),(94,'','пряности харихараллы','CIS'),(95,'','сладкий картофель','CIS'),(96,'','хазирские лечебные перины','CIS'),(97,'','вяленые припасы хазиры','CIS'),(98,'','лекарственный сироп','CIS'),(99,'','лавандовый чай','CIS'),(100,'','сушоные яблоки','CIS'),(101,'','душистый лосьон','CIS'),(102,'','груз компоста из радужных песков','CIS'),(103,'','груз компоста с плато соколиной охоты','CIS'),(104,'','груз компоста с тигриного хребета','CIS'),(105,'','груз компоста с махадеби','CIS'),(106,'','груз компоста с полуострова рассвета','CIS'),(107,'','груз компоста из поющей земли','CIS'),(108,'','груз компоста из древнего леса','CIS'),(109,'','груз компоста из инистры','CIS'),(110,'','груз компоста из рокочущих перевалов','CIS'),(111,'','груз компоста из саванны','CIS'),(112,'','груз компоста из руин харихараллы','CIS'),(113,'','груз компоста из хазиры','CIS'),(114,'','груз компоста из багрового каньона','CIS'),(115,'','груз компоста из долиных талых снегов','CIS'),(116,'','сушеные семечки','CIS'),(117,'','компост','CIS'),(118,'','фаршированные помидоры','CIS'),(119,'','соленые огурчики','CIS'),(120,'','толченый шафран','CIS'),(121,'','рисовая лапша','CIS'),(122,'','чесночная приправа','CIS'),(123,'','букеты роз','CIS'),(124,'','просяная мука','CIS'),(125,'','настойка алоэ','CIS'),(126,'','вяленые припаса харихараллы','CIS'),(127,'','ароматный чай','CIS'),(128,'','мятные рогалики','CIS'),(129,'','оладьи из батата','CIS'),(130,'','крем с экстрактом бамбука','CIS'),(131,'','пальмовое масло','CIS'),(132,'','лакированные фигурки слонов','CIS'),(133,'','глянцевые сферы с живыми светлячками','CIS'),(134,'','расписные фигурки львов','CIS'),(135,'','чашки из белого глазурованного фарфора','CIS'),(136,'','глянцевитые подвески-арованы','CIS'),(137,'','груз мерцающие фонари','CIS'),(138,'','груз белоснежного меха','CIS'),(139,'','груз шаманских амулетов','CIS'),(140,'','груз резных оберегов','CIS'),(141,'','груз декоративного оружия','CIS');
/*!40000 ALTER TABLE `items` ENABLE KEYS */;
UNLOCK TABLES;

--
-- Dumping data for table `items_sequence_generator`
--

LOCK TABLES `items_sequence_generator` WRITE;
/*!40000 ALTER TABLE `items_sequence_generator` DISABLE KEYS */;
INSERT INTO `items_sequence_generator` VALUES (201);
/*!40000 ALTER TABLE `items_sequence_generator` ENABLE KEYS */;
UNLOCK TABLES;

--
-- Dumping data for table `locations`
--

LOCK TABLES `locations` WRITE;
/*!40000 ALTER TABLE `locations` DISABLE KEYS */;
INSERT INTO `locations` VALUES (_binary '',1,'EAST','solis headlands','EUROPE'),(_binary '\0',2,'EAST','mahadevi','EUROPE'),(_binary '',3,'EAST','villanelle','EUROPE'),(_binary '\0',4,'EAST','silent forest','EUROPE'),(_binary '',5,'EAST','ynystere','EUROPE'),(_binary '\0',6,'EAST','rokhala mountains','EUROPE'),(_binary '\0',7,'EAST','rookborne basin','EUROPE'),(_binary '\0',8,'EAST','falcorth plains','EUROPE'),(_binary '\0',9,'EAST','tigerspine mountains','EUROPE'),(_binary '\0',10,'EAST','arcum iris','EUROPE'),(_binary '\0',11,'EAST','sunbite wilds','EUROPE'),(_binary '\0',12,'EAST','windscour savannah','EUROPE'),(_binary '\0',13,'EAST','perinoor ruins','EUROPE'),(_binary '\0',14,'EAST','hasla','EUROPE'),(_binary '\0',15,'EAST','багровый каньон','CIS'),(_binary '\0',16,'EAST','долина талых снегов','CIS'),(_binary '\0',17,'EAST','древний лес','CIS'),(_binary '',18,'EAST','инистра','CIS'),(_binary '\0',19,'EAST','махадеби','CIS'),(_binary '\0',20,'EAST','плато соколиной охоты','CIS'),(_binary '',21,'EAST','полуостров рассвета','CIS'),(_binary '',22,'EAST','поющая земля','CIS'),(_binary '\0',23,'EAST','радужные пески','CIS'),(_binary '\0',24,'EAST','рокочущие перевалы','CIS'),(_binary '\0',25,'EAST','руины харихараллы','CIS'),(_binary '\0',26,'EAST','саванна','CIS'),(_binary '\0',27,'EAST','тигриный хребет','CIS'),(_binary '\0',28,'EAST','хазира','CIS');
/*!40000 ALTER TABLE `locations` ENABLE KEYS */;
UNLOCK TABLES;

--
-- Dumping data for table `locations_sequence_generator`
--

LOCK TABLES `locations_sequence_generator` WRITE;
/*!40000 ALTER TABLE `locations_sequence_generator` DISABLE KEYS */;
INSERT INTO `locations_sequence_generator` VALUES (101);
/*!40000 ALTER TABLE `locations_sequence_generator` ENABLE KEYS */;
UNLOCK TABLES;

--
-- Dumping data for table `pack_price`
--

LOCK TABLES `pack_price` WRITE;
/*!40000 ALTER TABLE `pack_price` DISABLE KEYS */;
INSERT INTO `pack_price` VALUES (54,18),(57,18),(60,18),(63,18),(66,18),(69,18),(72,18),(74,18),(76,18),(78,18),(80,18),(83,18),(86,18),(93,18),(96,18),(99,18),(102,18),(105,18),(108,18),(111,18),(114,18),(117,18),(120,18),(123,18),(126,18),(129,18),(132,18),(135,18),(138,18),(140,18),(142,18),(145,18),(150,18),(153,18),(156,18),(159,18),(162,18),(165,18),(168,18),(171,18),(174,18),(177,18),(179,18),(181,18),(184,18),(189,18),(192,18),(195,18),(198,18),(201,18),(204,18),(207,18),(210,18),(213,18),(216,18),(219,18),(224,18),(229,18),(232,18),(235,18),(238,18),(52,21),(55,21),(58,21),(61,21),(64,21),(67,21),(70,21),(77,21),(79,21),(81,21),(84,21),(87,21),(89,21),(91,21),(94,21),(97,21),(100,21),(103,21),(106,21),(109,21),(112,21),(115,21),(118,21),(121,21),(124,21),(127,21),(130,21),(133,21),(136,21),(141,21),(143,21),(146,21),(148,21),(151,21),(154,21),(157,21),(160,21),(163,21),(166,21),(169,21),(172,21),(175,21),(180,21),(182,21),(185,21),(187,21),(190,21),(193,21),(196,21),(199,21),(202,21),(205,21),(208,21),(211,21),(214,21),(217,21),(220,21),(222,21),(225,21),(227,21),(230,21),(233,21),(236,21),(53,22),(56,22),(59,22),(62,22),(65,22),(68,22),(71,22),(73,22),(75,22),(82,22),(85,22),(88,22),(90,22),(92,22),(95,22),(98,22),(101,22),(104,22),(107,22),(110,22),(113,22),(116,22),(119,22),(122,22),(125,22),(128,22),(131,22),(134,22),(137,22),(139,22),(144,22),(147,22),(149,22),(152,22),(155,22),(158,22),(161,22),(164,22),(167,22),(170,22),(173,22),(176,22),(178,22),(183,22),(186,22),(188,22),(191,22),(194,22),(197,22),(200,22),(203,22),(206,22),(209,22),(212,22),(215,22),(218,22),(221,22),(223,22),(226,22),(228,22),(231,22),(234,22),(237,22);
/*!40000 ALTER TABLE `pack_price` ENABLE KEYS */;
UNLOCK TABLES;

--
-- Dumping data for table `packs`
--

LOCK TABLES `packs` WRITE;
/*!40000 ALTER TABLE `packs` DISABLE KEYS */;
INSERT INTO `packs` VALUES (15,98),(15,99),(15,114),(15,128),(16,100),(16,101),(16,115),(16,129),(17,86),(17,87),(17,108),(17,122),(17,133),(18,88),(18,89),(18,109),(18,123),(18,135),(18,137),(19,76),(19,81),(19,105),(19,119),(19,132),(20,77),(20,78),(20,103),(20,117),(20,134),(21,82),(21,83),(21,106),(21,120),(22,84),(22,85),(22,107),(22,121),(23,75),(23,102),(23,116),(24,90),(24,91),(24,110),(24,124),(24,138),(25,94),(25,95),(25,112),(25,126),(25,131),(25,136),(25,140),(26,92),(26,93),(26,111),(26,125),(26,139),(27,79),(27,80),(27,104),(27,118),(28,96),(28,97),(28,113),(28,127),(28,130),(28,141);
/*!40000 ALTER TABLE `packs` ENABLE KEYS */;
UNLOCK TABLES;

--
-- Dumping data for table `recipes`
--

LOCK TABLES `recipes` WRITE;
/*!40000 ALTER TABLE `recipes` DISABLE KEYS */;
INSERT INTO `recipes` VALUES (1,75,1),(1,75,2),(1,76,3),(1,76,4),(1,77,5),(1,77,6),(1,78,7),(1,79,8),(1,79,9),(1,80,10),(1,81,11),(1,82,12),(1,82,13),(1,83,14),(1,84,15),(1,85,16),(1,85,17),(1,86,18),(1,86,19),(1,87,20),(1,88,21),(1,88,22),(1,89,23),(1,90,24),(1,90,25),(1,91,26),(1,92,27),(1,92,28),(1,93,29),(1,94,30),(1,94,31),(1,95,32),(1,96,33),(1,96,34),(1,97,35),(1,98,36),(1,98,37),(1,99,38),(1,100,39),(1,100,40),(1,101,41),(1,102,42),(1,103,43),(1,104,44),(1,105,45),(1,106,46),(1,107,47),(1,108,48),(1,109,49),(1,110,50),(1,111,51),(1,112,52),(1,113,53),(1,114,54),(1,115,55),(1,116,56),(1,117,57),(1,118,58),(1,119,59),(1,120,60),(1,121,61),(1,122,62),(1,123,63),(1,124,64),(1,125,65),(1,126,66),(1,127,67),(1,128,68),(1,129,69),(1,130,70),(1,131,71),(1,132,72),(1,133,73),(1,134,74),(1,135,75),(1,136,76),(1,137,77),(1,138,78),(1,139,79),(1,140,80),(1,141,81);
/*!40000 ALTER TABLE `recipes` ENABLE KEYS */;
UNLOCK TABLES;

--
-- Dumping data for table `recipes_sequence_generator`
--

LOCK TABLES `recipes_sequence_generator` WRITE;
/*!40000 ALTER TABLE `recipes_sequence_generator` DISABLE KEYS */;
INSERT INTO `recipes_sequence_generator` VALUES (151);
/*!40000 ALTER TABLE `recipes_sequence_generator` ENABLE KEYS */;
UNLOCK TABLES;

--
-- Dumping data for table `archeage_server`
--

LOCK TABLES `archeage_server` WRITE;
/*!40000 ALTER TABLE `archeage_server` DISABLE KEYS */;
INSERT INTO `archeage_server` VALUES (1,'ardeniya','EUROPE'),(2,'nehiliya','EUROPE'),(3,'луций','CIS'),(4,'корвус','CIS'),(5,'фанем','CIS'),(6,'шаеда','CIS'),(7,'ифнир','CIS'),(8,'ксанатос','CIS'),(9,'тарон','CIS'),(10,'рейвен','CIS'),(11,'нагашар','CIS');
/*!40000 ALTER TABLE `archeage_server` ENABLE KEYS */;
UNLOCK TABLES;

--
-- Dumping data for table `archeage_server_seq`
--

LOCK TABLES `archeage_server_seq` WRITE;
/*!40000 ALTER TABLE `archeage_server_seq` DISABLE KEYS */;
INSERT INTO `archeage_server_seq` VALUES (101);
/*!40000 ALTER TABLE `archeage_server_seq` ENABLE KEYS */;
UNLOCK TABLES;

--
-- Dumping data for table `users`
--

LOCK TABLES `users` WRITE;
/*!40000 ALTER TABLE `users` DISABLE KEYS */;
/*!40000 ALTER TABLE `users` ENABLE KEYS */;
UNLOCK TABLES;

--
-- Dumping data for table `users_id_sequence_generator`
--

LOCK TABLES `users_id_sequence_generator` WRITE;
/*!40000 ALTER TABLE `users_id_sequence_generator` DISABLE KEYS */;
INSERT INTO `users_id_sequence_generator` VALUES (1);
/*!40000 ALTER TABLE `users_id_sequence_generator` ENABLE KEYS */;
UNLOCK TABLES;
/*!40103 SET TIME_ZONE=@OLD_TIME_ZONE */;

/*!40101 SET SQL_MODE=@OLD_SQL_MODE */;
/*!40014 SET FOREIGN_KEY_CHECKS=@OLD_FOREIGN_KEY_CHECKS */;
/*!40014 SET UNIQUE_CHECKS=@OLD_UNIQUE_CHECKS */;
/*!40101 SET CHARACTER_SET_CLIENT=@OLD_CHARACTER_SET_CLIENT */;
/*!40101 SET CHARACTER_SET_RESULTS=@OLD_CHARACTER_SET_RESULTS */;
/*!40101 SET COLLATION_CONNECTION=@OLD_COLLATION_CONNECTION */;
/*!40111 SET SQL_NOTES=@OLD_SQL_NOTES */;

-- Dump completed on 2023-10-25 15:59:40
